Name,Company,Email,Country
Person 1,Company 1,person1@example.invalid,GB
Person 2,Company 2,person2@example.invalid,US
Person 3,Company 3,person3@example.invalid,GB
Person 4,Company 4,person4@example.invalid,US
Person 5,Company 5,person5@example.invalid,GB
Person 6,Company 6,person6@example.invalid,US
Person 7,Company 7,person7@example.invalid,GB
Person 8,Company 8,person8@example.invalid,US
Person 9,Company 9,person9@example.invalid,GB
Person 10,Company 10,person10@example.invalid,US
Person 11,Company 11,person11@example.invalid,GB
Person 12,Company 12,person12@example.invalid,US
Person 13,Company 13,person13@example.invalid,GB
Person 14,Company 14,person14@example.invalid,US
Person 15,Company 15,person15@example.invalid,GB
Person 16,Company 16,person16@example.invalid,US
Person 17,Company 17,person17@example.invalid,GB
Person 18,Company 18,person18@example.invalid,US
Person 19,Company 19,person19@example.invalid,GB
Person 20,Company 20,person20@example.invalid,US
Person 21,Company 21,person21@example.invalid,GB
Person 22,Company 22,person22@example.invalid,US
Person 23,Company 23,person23@example.invalid,GB
Person 24,Company 24,person24@example.invalid,US
Person 25,Company 25,person25@example.invalid,GB
Person 26,Company 26,person26@example.invalid,US
Person 27,Company 27,person27@example.invalid,GB
Person 28,Company 28,person28@example.invalid,US
Person 29,Company 29,person29@example.invalid,GB
Person 30,Company 30,person30@example.invalid,US
Person 31,Company 31,person31@example.invalid,GB
Person 32,Company 32,person32@example.invalid,US
Person 33,Company 33,person33@example.invalid,GB
Person 34,Company 34,person34@example.invalid,US
Person 35,Company 35,person35@example.invalid,GB
Person 36,Company 36,person36@example.invalid,US
Person 37,Company 37,person37@example.invalid,GB
Person 38,Company 38,person38@example.invalid,US
Person 39,Company 39,person39@example.invalid,GB
Person 40,Company 40,person40@example.invalid,US
